 , , ,Community Services- FOOD,, , , ,
,,,,,,,,
NAME,DETAILS:,NUMBER:,VOLUNTEER LEAD/DIRECTOR,EMAIL ADDRESS ,ADDRESS:,WEBSITE:,FUNCTION:,
Helpline,Provides food vouchers,509-529-3377,Celia Landa,,"1520 Kelly Place Suite 180
Walla Walla, WA 99362",https://www.helplineww.org/,Vouchers,
Pantry Shelf-CLOSED,Pantry (WW Community),‭509-301-8790, ,,"325 S 1st Ave Walla Walla, WA 99362",https://pantryshelfwallawalla.org/, ,
The Salvation Army,Provides support for food and addiction recovery,509-529-9470,Demetrio Villarreal,Demetrio.Villarreal@usw.salvationarmy.org,"825 W Alder St, Walla Walla, WA 99362",https://wallawalla.salvationarmy.org/, ,
Edens Pantry,Pantry (WWU Students),509-301-6951,Troy Fitzgerald,,"212 SW 4th St
College Place, WA 99324",http://www.wwuchurch.com/,Pantries,
BMAC Food Bank,Pantry (Community),(509) 529-4980,Trevor Sandjathe,,"921 W Cherry Street
Walla Walla, WA - 99362",https://www.bmacww.org, ,
Walla Walla Mobile Distribution,Pantry/Food Distribution,509-529-3561,Trevor Sandjathe,,"921W Cherry Street Walla Walla, WA 99362",https://www.bmacww.org, ,
Pioneer Methodist Church,Provides free meals for low income individuals (funnels through the Christian Aid Center),509-525-1870,Deedee Rachor,,"209 E Birch St, Walla Walla WA 99362",https://pioneerww.org/, ,
Christian Aid Center,Provides free meals for low income Individuals,509-525-7153,Jeanette Relgaldo,,"Walla Walla Rescue Mission
202 W Birch Street",https://www.christianaidcenter.org/, ,
City Church SDA Church,Provides free meals for persons in need,509-525-9540,Mike Barnett,,"2133 Howard St
Walla Walla, WA 99362-4517",https://www.wallawallacityadventist.org/, ,
First Congregational Church Walla Walla,Provides free meals for the open community (Currently funnels through the Christian Aid Center),509-525-6618,Judy Chacon,,"73 South Palouse Street
Walla Walla, WA 99362",https://www.firstchurchuccww.org/,Free Meals,
Good Neighbor Church,"Provides free meals for open community, Saturdays 12:30-1:15PM",509-301-9070,Mike Barnett,,"343 S 3rd Ave
Walla Walla, WA 99362-3036",https://www.goodneighboradventist.org/, ,
Meals on Wheels,Provides free meals for 60yo+ persons through the senior center,509-527-3775 (ext 1),Jane Kaminsky,,"720 Sprague St
Walla Walla, WA 99362",https://www.wallawallaseniorcenter.org/, ,
New Beginnings Chapel,Provides free meals for persons in need (currently funneling services through the Christian Aid Center),509-527-3385, ,,822 West Main Street Walla Walla WA,http://www.nbcww.us/soup-kitchen, ,
Youth Free Summer Meals,"Providing free meals for youth 18 or younger. Works with YMCA, Parks and Rec, and is functioned throught the schol district.",541-861-0318,Pam Milleson,,N/A,https://www.wwps.org, ,
Blue Mountain Action Council,Providing food assistance,509-529-4980,Trevor Sandjathe,,"921 W Cherry Street
Walla Walla, WA - 99362",https://www.bmacww.org, ,
Helpline,Providing referals to food assistance and several other items,509-529-3377,Celia Landa,,"1520 Kelly Place Suite 180
Walla Walla, WA 99362",https://www.helplineww.org/,Food Assistance,
Jonathan Wainwright VA Center,Providing food assistance through VA medical facility ,509-527-3450,Christopher R. Bjornberg,,77 Wainwright Dr. Walla Walla WA 99362,https://www.wallawalla.va.gov/index.asp, ,
Washington DSHS,Providing food assistance along with many other services,877-501-2233,N/A,,206 W Poplar St Walla Walla WA 99362,https://www.dshs.wa.gov, ,
WIC (Family Medical Center),Provides food assistance and assessments,509-525-0422,N/A,,1120 West Rose Street Walla Walla WA99362,https://www.fns.usda.gov/wic, ,
WIC ( WW County Health),Provides food assistance ,509-524-2680,N/A,,314 West Main Street Walla Walla WA 99362,https://www.co.walla-walla.wa.us/government/health_department/wic.php, ,
,,,,,,,,
,,,,,,,,
 , , ,Community Services- MENTAL HEALTH,,, , ,
,,,,,,,,
NAME,DETAILS:,NUMBER:,VOLUNTEER LEAD/DIRECTOR,,ADDRESS:,WEBSITE:,FUNCTION:,
Blue Mountain Health Cooperative,Free mental health care for individuals 13 and up,509-973-5788,Alayna Briton,,1103 S. 2ND AVE. STE. B,https://www.bluemountainhealthcooperative.org/, ,
Catholic Charities,"Provides counseling, group therapy, and peer support",509-525-0572,Pam Brown,,"408 W Poplar St, Walla Walla, WA 99362",https://www.cceasternwa.org/walla-walla, ,
Comprehensive Healthcare,Provides addiction and mental illness counseling,509-522-4000,N/A,,1520 Kelly Pl. Walla Walla WA 99362,Walla Walla Center – Comprehensive Healthcare (comphc.org), ,
Lifeways Counseling Services (OREGON),Provides mental health services,541-276-6207,N/A,,810 S. Main St. Milton-Freewater OR 97862,https://www.lifeways.org/milton-freewater-oregon, ,
Serenity Point Counseling Services,Provides counseling for those struggling with addiction,509-529-6036,N/A,,"410 South Wilbur Ave Walla Walla, WA 99362",http://serenitypointcounseling.com/, ,
Triple Point ,Provides a safe group with LGBTQYI to talk with peers (13-21yo),509-529-2130,N/A,,1612 Penny Lane Walla Walla WA 99362,https://www.childrenshomesociety.org/wallawalla/, ,
Walla Walla Alliance for Mentally III,Provides advocacy and info for those living with mental illness,509-529-6160,N/A,,714 Francis Ave Walla Walla WA99362,https://namiwallawalla.org/, ,
Walla Walla Crisis Response Team,Provides trauma mitigation and education in the aftermath of any sized scale critical incident,509-524-2999,N/A,,1520 Kelly PLl. Walla Walla WA 99362,https://www.co.walla-walla.wa.us/, ,
Meriha Mantle Eastside Counseling,Provides counseling for those in need,206-300-9436,Meriha Mantle,,"30 W Main St Suite 205
Walla Walla, WA 99362",https://eastsidecounseling.org/,Counseling Services,
Northwest Counseling Solutions,Provides counseling for those in need (specifically equipped for domestic abuse and chemical dependency cases), 509-525-8844,Lisa Smyth,,"30 W Main Street, Suite 304Walla Walla, WA 99362",http://www.northwestcounselingsolutions.com/index.htm, ,
Anchor Point Counseling ,Provides counseling for those in need,(509) 593-8122,N/A,,"2330 Eastgate Street
​Suite 207 ​
Walla Walla, WA 99362",https://www.anchorpointcounselingpllc.com/, ,
Good Samartian Ministries,Provides counseling and support groups,N/A,Cathy Scott,,"1815 Portland Ave Ste. 2, Walla Walla, WA 99362",About | Good Samaritan Ministries (gsmwallawalla.com), ,
Crisis Response Team,Provides resources and services for those in crisis,509-524-2999,N/A,,1520 Kelly PLl. Walla Walla WA 99362,https://www.co.walla-walla.wa.us/, ,
Hopeline Network,Provides resources and services for those in crisis,800-784-2433,N/A,,N/A,https://www.imalive.org/, ,
LGBTQYI+ Youth Suicide Hotline,Provides resources and services for those in crisis,866-488-7636,N/A,,N/A,The Trevor Project — Saving Young LGBTQ Lives, ,
National Center for Missing and Exploited Children,Provides resources and services for those in crisis,800-843-5678,N/A,,N/A,https://connect.missingkids.org/, ,
National Child Abuse Hotline,Provides resources and services for those in crisis,1-800-422-4453,N/A,,N/A,https://www.childhelp.org/hotline/,Crisis,
National Runaway Safeline,Provides resources and services for those in crisis,800-786-2929,N/A,,N/A,https://www.1800runaway.org/, ,
National Suicide Prevention Hotline,Provides resources and services for those in crisis,800-273-8255,N/A,,N/A,Lifeline (suicidepreventionlifeline.org), ,
Oregon Crisis Center,Provides resources and services for those in crisis,541-276-6207,N/A,,810 S. Main St. Milton-Freewater OR 97862,N/A, ,
Oregon YouthLine,Provides resources and services for those in crisis,877-968-8491,N/A,,N/A,oregonyouthline.org, ,
Advocates for Wellness,Provides rehab for those dealing with addiction,509-783-8833,N/A,,120 Vista Way Kenniwick WA 99336,https://www.rehab.com/advocates-for-wellness, ,
Alcholics Anonymous,Provides a fellowship of growing and self driven people that are wanting to be without alchohol dependancy,509-522-5059,N/A,,N/A,https://aa.org/, ,
Celebrate Recovery Support Group,"Provides a fellowship of men or women, in a church setting, who are recovering from addiction ",Men: 509-301-8400 Women:509-301-5685,Men: Tracey Women: Ruth,,2133 Howard St Walla Walla WA 99362,https://www.wallawallaadventist.org/ministries/celebrate-recovery, ,
Christian Aid Center,Provides support for those needing a shelter and specific programming for those in addiction,509-525-7153,Jeanette Relgaldo,,202 W Birch St Walla Walla WA,https://www.christianaidcenter.org/, ,
Comprehensive Healthcare,Provides addiction and mental illness counseling,509-522-4000,N/A,,1520 Kelly Pl. Walla Walla WA 99362,https://www.comphc.org, ,
Eastern Oregon Alcholism Foundation,"Provides safe, secure, and effective treatment for chemical dependencies",541-276-3518,N/A,,"216 SW Hailey Ave, Pendleton OR 97801",Home | Eastern Oregon Recovery Center (eoaf.org), ,
Gambling Addiction Hotline,Provides support for those struggling with gambling addictions,800-522-4700,N/A,,N/A,https://www.ncpgambling.org/help-treatment/national-helpline-1-800-522-4700/, ,
Hope Street ,Providing safe and affordable living for women recovering from substance use disorder,509-386-9860,Karen Carmen,,303 Catherine Street Walla Walla WA,https://www.hopestreethomes.org/mission, ,
Jonathan Wainwright VA Center,Providing recovery groups through VA medical facility ,509-527-3450,Christopher R. Bjornberg,,77 Wainwright Dr. Walla Walla WA 99362,https://www.wallawalla.va.gov/index.asp,Addiction,
LifeRing,Provides face to face (or online) meetings for recovery of alchohol and non-medically prescribed drugs,800-811-4142,N/A,,N/A,https://lifering.org/, ,
Narcotics Anonymous,Provides support for those recovering from addiction,Helpline: 800-766-3724,N/A,,N/A,http://www.bluemtnarea-na.org/, ,
Oregon Alcohol & Drug 24-Hour Hotline,Provides support for Oregon reeidents who are dealing with addictions,800-923-4357,N/A,,N/A,Oregon Addiction Recovery Hotline: Substance Abuse OR (addictionresource.com), ,
Trilogy Recovery Community,"Provides prevention, intervention, support and hope for youth, adults, and families on their path in recovery",509-876-4525,Olivia Birchwood,,120 E Birch St. #14 Walla Walla 99362,Trilogy Recovery - Home, ,
Unmatilla County Alcohol and Drug Prevention,Provides comprehensive services and supports to those who are in need,541-938-3988,N/A,,707 E Broadway Ave Milton-Freewater OR 97862,http://www.co.umatilla.or.us/, ,
Umatilla County Detox Center,Provides comprehensive services and supports to those who are in need,541-938-3988,N/A,,707 E Broadway Ave Milton-Freewater OR 97862,http://www.co.umatilla.or.us/, ,
Washington Alcohol & Drug 24 hour Hotline,"Provides intervention and refferal for those struggling with mental health, substance abuse, and gambling",866-789-1511,N/A,,N/A,https://drughelpline.org/washington/, ,
National Alliance for Mental Illness,Provides support for those suffering from mental illness,509-529-6160,N/A,,"PO Box 401PO Box 401
Walla Walla, WA 99362",National Alliance on Mental Illness | Health Organization (namiwallawalla.org), ,
,,,,,"Walla Walla, WA 99362",,,
,,,,,,,,
 , , ,Community Services-  HEALTH,, , , ,
,,,,,,,,
NAME,DETAILS:,NUMBER:,VOLUNTEER LEAD/DIRECTOR,,ADDRESS:,WEBSITE:,FUNCTION:,
Birthright of Walla Walla,Providing free pregnancy tests and supprt for unexpecting mothers,509-529-8678,Joyce A Paine,,609 W. Birch St. Walla Walla WA 99362,https://birthright.org/wallawalla/, ,
Catholic Charities,"Provides counseling, diapers, parenting classes, and  peer support for new mothers and fathers",(509) 455-4986,Sarah Durrant,,"408 W Poplar St, Walla Walla, WA 99362",https://www.cceasternwa.org/walla-walla, ,
Childrens Home Society of Washington,"Provides counseling, learning, advocacy and education for parents and children; contact via front desk is best",509-529-2130,Alejandra Gonzalez,,"1612 Penny Lane, Walla Walla, WA 99362",https://www.childrenshomesociety.org/wallawalla/, ,
Family Medical Center,"Provides basic clinic items such as medical, dental , nutrition, WIC, adolescent counseling, and is best contacted via front desk",(509) 525-6650,N/A,,"1120 Rose Street, Walla Walla WA 99362",https://www.yvfwc.com/,Reproductive and Pregnancy,
Planned Parenthood,"Provides health care, education and advocacy and delivers vital reproductive healthcare.",866-904-7721,Karl Easlund,,828 S. 1st Ave. Walla Walla WA 99362,https://www.plannedparenthood.org/health-center, ,
The Women's Clinic of Walla Walla,Provides obstetrics and gynecological services,509-525-3720,Julie A. Wuest,,"55 W. Tietan St.
Walla Walla, WA 99362",Contact Us | Walla Walla Clinic, ,
Walla Walla Community Health ,Provides numerous points of support and services for women and children,509-524-2650,Nancy Wenzel ,,314 West Main Street Walla Walla WA 99362,https://www.co.walla-walla.wa.us/government/health_department/mch.php, ,
Blue Mountain Heart to Heart,Provides PREVENTION NEW HIV & HEPATITIS C INFECTIONS AND PROVIDE COMPASSIONATE CARE AND ASSISTANCE FOR THOSE INFECTED & AFFECTED BY THESE DISEASES,509-529-4744,Everett Maroon ,,"1520 Kelly Place, Suite 120",https://bluemountainheart2heart.wordpress.com/, ,
Columbia County Public Health Services ,"Provides general health care inforamtion, related information, and addresses health concerns",509-382-2181,Martha Lanman,,"341 E Main Street
Dayton, WA 99328",http://www.columbiaco.com/18/Public-Health, ,
Dayton General Hospital ,Provides general care for those in medical emergency or stationary situations,509-382-2531,Stephanie Carpenter,,1012 S. 3rd St. Dayton WA 99328,http://cchd-wa.org/, ,
Family Medical Center,"Provides basic clinic items such as medical, dental , nutrition, WIC, adolescent counseling, and is best contacted via front desk",(509) 525-6650,N/A,,"1120 Rose Street, Walla Walla WA 99362",https://www.yvfwc.com/, ,
"Health Center @ BR, Lincholn, and Pioneer",Provides general health care for student at three local schools,"Lincholn: 509-525-0704, WAHi: 509-526-8674, Pioneer: 509-526-1975",Norma L. Hernandez,,"534 S 3rd Ave B-101
Walla Walla, WA 99362 USA",https://www.thehealthcenterww.org/, ,
Helpline,Provides a referral line for anyone needing assistance,509-529-3377,Celia Landa,,"1520 Kelly Place Suite 180
Walla Walla, WA 99362",https://www.helplineww.org/, ,
INK-OUT,"Provides youth and adults the ability to remove visible tattoos that reflect gang, drug, or anti-social behaviour",509-525-0704,N/A (In association with Lincholn school Health Center),,534 S. 3rd Ave. Ste. 16 Walla Walla WA 99362,N/A, ,
Jonathan Wainwright VA Center,Providing medical support through VA medical facility ,509-527-3450,Christopher R. Bjornberg,,77 Wainwright Dr. Walla Walla WA 99362,https://www.wallawalla.va.gov/index.asp, ,
Providence St. Mary Medical Center,Providing medical help to the general Walla Walla population,509-897-2072,Patti Lennartson,,209 W. Poplar St. Walla Walla 99362,https://www.providence.org/locations/wa/st-mary-medical-center/about-us/volunteer#tabcontent-1-pane-3, ,
SonBridge,"Providing assistance in rent, utilities, prescription, employment, documentation, gas, hygiene, clothing and household items. They also provide free dental and mental health care",509-529-3100,Norman Thiel,,1199 SE 12th St College Place WA 99324,https://www.sonbridge.org/,General Health,
SOS Clinic,Provides health care for those insured or underinsured in Walla Walla Valley,509-529-1481,Noemi Reed,,1200 SE 12th St College Place WA 99324,https://soshealthservices.org/, ,
St. Anthony's Hospital  (Pendleton) ,Provides health care for those in the general Pendleton area,541-276-5121,Emily Smith,,2801 St. Anthony Way Pendleton OR 97801,https://www.sahpendleton.org/#, ,
Umatilla County Public Health,"Provides prevention and minimization of communicable diseases, investigation into health concerns and basic public health measures.",541-278-5432,Joseph Fiumara Jr.,,200 SE Third St. Pendleton OR 97801 ,http://ucohealth.net/, ,
Walla Walla Community Health ,Provides numerous points of support and services for the health and well-being of the Walla Walla general population,509-524-2650,Nancy Wenzel ,,314 West Main Street Walla Walla WA 99362,https://www.co.walla-walla.wa.us/government/health_department/mch.php, ,
Washington DSHS,"Provides information, refereal and some direct health care support and services",877-501-2233,N/A,,206 W Poplar St Walla Walla WA 99362,https://www.dshs.wa.gov, ,
,,,,,,,,
,,,,,,,,
 , , ,Community Services - LAW ENFORCEMENT,, , , ,
,,,,,,,,
NAME,DETAILS:,NUMBER:,VOLUNTEER LEAD/DIRECTOR,,ADDRESS:,WEBSITE:,FUNCTION:,
College Place Police Department ,Providing localized law enforcement practices for the local city/counties represented,509-394-8550,Troy Tomaras,,625 S. College Place WA 99324,http://cpwa.us/departments/police/index.php, ,
Columbia County Sheriff's Office,Providing localized law enforcement practices for the local city/counties represented,509-382-2518,Joseph A. Helm,,341 E Main St #1v Dayton WA 99328,http://www.columbiaco.com/78/Sheriff, ,
Milton-Freewater Police Department,Providing localized law enforcement practices for the local city/counties represented,541-938-5511,Doug Boedigheimer,,722 S. Main St. Milton-Freewater OR 97862,https://www.mfcity.com/police, ,
Non-Emergency Dispatch,Providing localized law enforcement practices for the local city/counties represented,509-527-1960,N/A,,N/A,https://www.co.walla-walla.wa.us/,Police,
Umatilla County Sheriff's Office,Providing localized law enforcement practices for the local city/counties represented,541-966-3600,N/A,,4700 NW Pioneer Place Pendleton OR 97801,http://www.co.umatilla.or.us/, ,
Walla Walla County Sheriff's Office,Providing localized law enforcement practices for the local city/counties represented,509-524-5400,Mark Crider,,240 West Alder St. Walla Walla WA 99362,https://www.co.walla-walla.wa.us/departments/sheriff/index.php, ,
Walla Walla Police Department ,Providing localized law enforcement practices for the local city/counties represented,509-527-1960,Scott Bieber,,54 E. Moore St. Walla Walla 99362,https://www.wallawallawa.gov/government/police, ,
Counseling Services for DV Offenders,Providing counseling services for those who are charged for DV,509-735-2271,Chalese Rabidue,,55 E. Moore St. Walla Walla 99362,https://www.wallawallawa.gov/government/police/domestic-violence-sexual-assault/serving-victims-of-sexual-assault, ,
National Child Abuse Hotline,Provides support and services for those reporting or in fear of child abuse,1-800-422-4453,N/A,,N/A,Childhelp National Child Abuse Hotline Information, ,
Oregon Children's Services,Provides support and services to ensure the safety and well-being of children,800-547-3897,N/A,,500 Summer St. NE Salem OR 97301,https://www.oregon.gov/DHS/children/pages/index.aspx, ,
Oregon SafeNet,"Provides Oregon and Southwest Washington with identifying, navigating, and connecting people with the local resources they need.",211,N/A,,N/A,https://www.211info.org/,Domestic Violence,
Umatilla -Morrow DV Crisis Line,Provides support and services for those in domestic violence situations,800-833-1161,N/A,,1103 SE Court Place Pendleton )R 97801,http://www.co.umatilla.or.us/, ,
Washington Adult and Child Protective Services,Provides investigations and proper legal assistance in cases of adult/child abuse,800-557-9671,N/A,,N/A,https://www.dcyf.wa.gov/services/child-welfare-system/cps, ,
YWCA LINC,Provides free classes for women who have survived domestic violence,509-525-2570,Anne-Marie Zell Schwerin,,212 S. Frist Ave. Walla Walla 99362,https://www.ywcaww.org/, ,
YWCA 24 hour Crisis Line for Victims of DV,"Provides counseling, support groups, legal and medical advocacy, shelter services, and more. ",509 525-2570,Anne-Marie Zell Schwerin,,213 S. Frist Ave. Walla Walla 99362,https://www.ywcaww.org/, ,
Walla Walla Valley Divergence,Provides an alternative means of arrest for people who committed misdemeanors and want to break the cycle of crime (specific to any midemeanor outside of the LEAD program),509-301-1068,Rea Culwell,,"625 S College Ave
College Place, WA  99324",http://cpwa.us/departments/police/index.php,Divergence Programs,
Walla Walla LEAD,Provides an alternative means of arrest for people who committed misdemeanors and want to break the cycle of crime (but this is specific to mental health and addiction attributed people),(509) 524-2920,Regina Myers,,"1520 Kelly Pl, Suite 234
Walla Walla, WA 99362",https://comphc.org/locations/walla-walla/, ,
Walla Walla Police Department ,Provides city wide information  and advocacy and investigations in human trafficking,509-527-4434,Wanda Galland,,54 E. Moore St. Walla Walla 99362,https://www.wallawallawa.gov/government/police, ,
YWCA Human Trafficking Advocacy,Provides support and advocacy for victims of human trafficking,(509) 525-2570,Anne-Marie Zell Schwerin,,213 S. Frist Ave. Walla Walla 99362,https://www.ywcaww.org/,Human Trafficking,
,,,,,,,,
,,,,,,,,
 , , ,Community Services - LEGAL,, , , ,
,,,,,,,,
NAME,DETAILS:,NUMBER:,VOLUNTEER LEAD/DIRECTOR,,ADDRESS:,WEBSITE:,FUNCTION:,
Blue Mountain Action Council,Provides legal support to low income individuals and families ,509-529-4980,Kathy Covey,,"921 W Cherry Street
Walla Walla, WA - 99362",https://www.bmacww.org/, ,
CLEAR Hotline,"Provides coordinated legal education, advice, and referral",1-888-201-1014,N/A,,"401 Second Avenue S, Suite 407
Seattle, WA 98104",https://nwjustice.org/clear-hotline, ,
CLEAR Hotline (seniors),"Provides coordinated legal education, advice, and referral",1-888-387-7111,N/A,,"402 Second Avenue S, Suite 407
Seattle, WA 98104",https://nwjustice.org/clear-hotline, ,
Columbia Legal Services,"Provides advocacy for people who face injustice and poverty as well as policy reform, litigation, and innovative partnerships",509-374-9855,Travis Andrews,,7103 W Clearwater Kennewick WA 99336,https://columbialegal.org/,General Legal Support,
Neutral Ground Dispute Resolution,"Provides conflict resolution services, mediations, and educational programs.  Fees are based off of income",509-386-9533,Donna Maiden,,1200 SE 12th St College Place WA 99324,https://www.neutralgrounddrc.org/, ,
Northwest Immigrants Rights Project,"Provides defense and advancement of the rights of immigrants through direct legal services, systematic advocacy, and community education.",509-854-2100,Adela Ruiz,,"121 Sunnyside Avenue
P.O. Box 270
Granger, WA 98932",Home | Northwest Immigrant Right Project (nwirp.org), ,
Northwest Justice Project,Provides critical civil legal assistance and representation to thousands of low-income people ,509-525-9760,Sue Encherman,,39 E. Main Ste. 207 Walla Walla WA 99362,https://nwjustice.org/, ,
Court Appointed Special Advocates (CASA),Provides advocates for abused and neglected children,503-410-5043,Karin Miller,,"2514 Sykes Rd.
St. Helens, OR 97051",https://www.casahelpskids.org/, ,
Legal Aid Services of Oregon,"Provides accss to legal help for people to protect their livelihoods, their health, and their families.",541-276-6685,N/A,,365 SE 3rd St Pendleton OR 97801,https://lasoregon.org/, ,
Walla Walla County Crime Victim Advocates,Provides services and support for victims of specified crime,509-524-4526,Vicki Ruley,,54 E. Moore St Walla Walla WA 99362,https://www.wallawallawa.gov/government/police/crime-victim-services, ,
Washington CASA (Walla Walla),Provides advocates for abused and neglected children,509-524-2800,Kati Brown,,455 W Rose St Walla Walla WA 99362,https://extension.wsu.edu/wallawalla/, ,
,,,,,,,,
,,,,,,,,
,,,,,,,,
,,,,,,,,
 , , ,Community Services - TRANSPORTATION,, , , ,
,,,,,,,,
NAME,DETAILS:,NUMBER:,VOLUNTEER LEAD/DIRECTOR,,ADDRESS:,WEBSITE:,FUNCTION:,
Columbia County Public Transportation,Provides 10 vanpool vans in service for Columbia County ,509-382-1647,David Ocampo,,507 Cameron St Dayton WA 99328,https://ccptransit.org/, ,
Gorge Translink,Provides non-emergent medical transportation for Oregon health plan plus members traveling to medical services,541-842-2060,N/A,,N/A,https://gorgetranslink.com/, ,
GrapeLine Bus Line ,Provides three round trips daily between Walla Walla and Pasco ,509-529-7442,N/A,,"108 West Main St.
Walla Walla, WA",https://grapeline.us/travel-center/boarding-locations/walla-walla/, ,
Kayak Bus Line ,Provides six routes through southeastern Washington and northeastern Oregon,541-429-7519,Susan Johnson,,"46411 Timíne Way Pendleton, OR 97801",https://ctuir.org/departments/tribal-planning-office/kayak-public-transit/, ,
Milton-Freewater City Bus,Provides public transportatin arounnd the Milton-Freewater area,541-938-8243,N/A,,"1401 W. Rose Street
Walla Walla, WA 99362",http://www.mfcity.com/public_transportation,General Transportation ,
People for People Medicaid Transportation,"Provides transportation services for the general public and special needs population, employment and training services, and 211 information and referal",800-233-1624,Renee Biles,,304 W Lincoln Ave Yakima WA 98902,https://mypfp.org/services/transportation/, ,
Valley Transit Bus Service,Provides a busing service that tranports people around Walla Walla,509-525-9140,Angie Peters,,1401 Rose St Walla Walla WA 99362,https://www.valleytransit.com/, ,
Valley Transit Dial-A-Ride,Provides transportation for those 70 years or older with a disability in which inhibits them from riding the regular bus,509-527-3779,Angie Peters,,1402 Rose St Walla Walla WA 99362,https://www.valleytransit.com/, ,
Valley Transit Job Access,Provides passes ($12 per month) for those enrolled in the Job Access program transportation to and from work from 5:30-11:30,509-525-9140,Angie Peters,,1403 Rose St Walla Walla WA 99362,https://www.valleytransit.com/, ,
Veterans Transportation Service,Provides transportation for Veterans with special needs and for Veterans who don't have transportation to and from appointments,509-527-3450,Christopher R. Bjornberg,,77 Wainwright Dr Walla Walla WA 99362,https://www.wallawalla.va.gov/index.asp, ,
,,,,,,,,
,,,,,,,,
,,,,,,,,
 , , ,Community Services - EDUCATION,, , , ,
,,,,,,,,
NAME,DETAILS:,NUMBER:,VOLUNTEER LEAD/DIRECTOR,,ADDRESS:,WEBSITE:,FUNCTION:,
Blue Mountain Commnunity College (Hermiston),BMCC serves the Washington region of the college district,541-567-1800,Barnum Kris,,980 SE Columia Dr. Hermiston OR 97838,Blue Mountain Community College | Home (bluecc.edu), ,
Blue Mountain Commnunity College (Milton-Freewater),BMCC serves the Washington region of the college district,541-938-7176,Avila Stephanie,,311 North Columbia St Milton-Freewater OR 97862,Blue Mountain Community College | Home (bluecc.edu), ,
Blue Mountain Commnunity College (Pendleton),BMCC serves the Washington region of the college district,541-278-5759,Connie Green,,2411 NW Carden Ave Pendleton OR 97801,Blue Mountain Community College | Home (bluecc.edu), ,
Umatilla Youth Investement Program,Provides monetary support for youth to lower dropout rates and youth homelessness,541-278-6291,Suzie Stuvland,,216 SE 4th Pendleton OR 97801,N/A, ,
Walla Walla Community College,"Provides higher education for those pursuing such, and provides commuinty service opportunities for students to engage in.",509-730-0897,Melissa Rodriguez,,"500 Tausick Way, Walla Walla WA 99362",https://www.wwcc.edu/, ,
Walla Walla University,"Provides higher education for those who are pursuing, and actively serves in the College Place and Walla Walla area with a high student participation rate.",(509) 527-2100,David Lopez,,"204 S. College Ave.
College Place, WA 99324",https://www.wallawalla.edu/campus-life/center-for-humanitarian-engagement/, General Education Opportunites,
Whitman College,Provides higher education to pursung individuals and local community services opportunities for students. Located near downtown Walla Walla.,509-527-5111,Kelsie Martin,,"345 Boyer Ave. Walla Walla, WA 99362",https://www.whitman.edu/academics/community-outreach, ,
Walla Walla School District,"Provides education to Walla Walla Valley youth in two high schools, two middle schools, six elementary schools, and two different development programs",509-527-3000,Christy Krutilus / Superintendent: Dr. Wadesmith,,364 South Park St. Walla Walla WA 99362,https://www.wwps.org/, ,
WWCC Alternative Education Program,Provides an educational opportunity outside of the traditinoal high school system.,509-209-8179,Morna Bahnsen,,"500 Tausick Way, Walla Walla WA 99362",https://www.wwcc.edu/, ,
WWCC GED,Provides a high school completion program in order for some student to obtain a high school diploma,509-209-8179,Morna Bahnsen,,"501 Tausick Way, Walla Walla WA 99362",https://www.wwcc.edu/, ,
WWCC Running Start,Provides an opportunty for juniors and seniors in highschool to enroll in courses at Walla Walla Community College,509-209-8179,Morna Bahnsen,,"502 Tausick Way, Walla Walla WA 99362",https://www.wwcc.edu/, ,
 , , , ,, , , ,
,,,,,,,,
,,,,,,,,
,,,,,,,,
 , , ,Community Services - UTILITIES/RENT ASSISTANCE,, , , ,
,,,,,,,,
NAME,DETAILS:,NUMBER:,VOLUNTEER LEAD/DIRECTOR,,ADDRESS:,WEBSITE:,FUNCTION:,
Blue Mountain Action Council,"Provides utilities support, rent assistance, and other shelter oriented services",509-529-4980,Kathy Covey,,"921 W Cherry Street
Walla Walla, WA - 99362",https://www.bmacww.org/, ,
Helpline,"Provides utilities support and vouchers for given water, electricity, and further shelter expenditures",509-529-3377,Celia Landa,,"1520 Kelly Place Suite 180
Walla Walla, WA 99362",https://www.helplineww.org/,General Support,
Salvation Army,"Provides assistance with paying rent, groceries, clothing, food, and money to pay all utilities (such as electric and water bills) except telephone and cable television.",509-529-9470,Demetrio Villarreal,,"825 W Alder St, Walla Walla, WA 99362",https://wallawalla.salvationarmy.org/, ,
Walla Walla Housing Authority,Provides assistance for individuals who need help paying their rent,509-527-4612,Elena Garcia,,"501 Cayuse Street, Walla Walla Washington 99362",http://www.wallawallaha.org/, ,
,,,,,,,,
,,,,,,,,
,,,,,,,,
 , , ,Community Services - Employment Support,, , , ,
,,,,,,,,
NAME,DETAILS:,NUMBER:,VOLUNTEER LEAD/DIRECTOR,,ADDRESS:,WEBSITE:,FUNCTION:,
Blue Mountain Action Council,Provides support and services for those looking for a job. BMAC is a WorkSource affiliate site,509-529-4980,Kathy Covey,,"921 W Cherry Street
Walla Walla, WA - 99362",https://www.bmacww.org/, ,
Goodwill Industries,Provides facility-based training services for individuals with disabilities,Local: 509- 525-5992 Employment Services: 509-735-0400,N/A,,"217 E Alder St, Walla Walla, WA 99362",https://www.goodwill.org/, ,
Lillie Rice Center Inc. ,Provides employment and support services to individuals with developmental disabilities while enhancing their quality of life,509-525-5433,Christine Daudt,,2616 East Isaacs Avenue Walla Walla WA 99362,http://www.lilliericecenter.org/, ,
Oregon CAPECO,"Provides work experience, work readiness, remedial education, tutoring, summer employment, alternative education, and much more",(541) 276-1926,Janet Merrell,,"721 SE 3rd St, Suite D
Pendleton, OR 97801",CAPECO - Home (capeco-works.org), ,
Oregon Vocational Rehabilitation,"Assists individuals with disabilities to get and keep a job that matches their skills, interests, and abilities.",800-442-4352,N/A,,309 N Columbia Milton-Freewater OR 97862,https://www.oregon.gov/dhs/Pages/index.aspx,  ,
The STAR Project,Assists individuals with felony convictions in Walla Walla and Columbia counties,509-525-3612,Becky Turner,,321 Wellington Ave Walla Walla WA 99362 ,https://www.thestarproject.us/, ,
Walla Walla Division of Vocational Rehabilitation,Provides opportunities for individuals with disabilities to participate fully in their communities and become employed ,509-527-1815,N/A,,1530 Stevens St Walla Walla WA 99362,https://www.dshs.wa.gov/location/dshs-dvr-wallawalla, ,
Walla Walla Division of Developmental Disabilities Administration,"Implements public policythat will promote individual worht, self-respect, and dignity ",509-394-1069,N/A,,1371 W Pine St Walla Walla WA 99362,Walla Walla DDA Field Office | DSHS, ,
Milton-Freewater Worksource,Provides an array of employment and training services to job seekrs and employers in Washington,541-938-3373,N/A,,"84105 OR-11 Milton-Freewater OR, 97862",WorkSource Oregon, ,
Pendleton Worksource,Provides an array of employment and training services to job seekrs and employers in Washington,541-2769050,N/A,,"408 SE 7th St Pendleton OR, 97801",WorkSource Oregon, ,
Walla Walla Worksource,Provides an array of employment and training services to job seekrs and employers in Washington,509-527-4393,Caite York,,1530 Stevens St Walla Walla WA 99362,WorkSourceWA, ,
,,,,,,,,
,,,,,,,,
,,,,,,,,
 , , ,Community Services - AGING AND DISABILITY,, , , ,
,,,,,,,,
NAME,DETAILS:,NUMBER:,VOLUNTEER LEAD/DIRECTOR,,ADDRESS:,WEBSITE:,FUNCTION:,
Senior Center at the Park,"The Walla Walla Senior Center at the Park affords those who are 50 years of age and older unique opportunities to create a very special community of their own without isolating themselves from the rest of the community. It is a place where older community residents can go to get away from the loneliness of their homes and apartments, to avail themselves of vital services and participate in a wide range of vocational and recreational activities in a friendly, noncompetitive atmosphere.",(509) 527-3775,Tania Seib,,720 Sprague Walla Walla WA 99362,https://www.wallawallaseniorcenter.org/, ,
"Catholic Charities, Volunteer Services ","Providing services for elderly who are in need of support doing daily tasks such as laundry, dishes, etc.",509-946-4645,Tom Caroll,, ,https://www.cceasternwa.org/walla-walla, ,
Meals-on-Wheels,"Meals-on-Wheels is available to anyone 60 or older and spouses. Donations are accepted (suggested $4) but not required. Individuals under 60 years of age pay full price of $7 per meal. Meals-on-wheels are delivered hot or frozen. There are no income criteria or membership fees. Hot congregate meals are available in a warm setting at the Senior Center. Food stamps (EBT Quest Card) are gladly accepted. Therapeutic diets may be available. Currently, is running throuhg the Senior Center round table. Sandra is best contact to answer questions.",(509) 527-3775,Sandra Moore,,720 Sprague Walla Walla WA 99362,Walla Walla Senior Center / The Center at the Park, ,
Senior Companion Program,"The goal of the Eastern Oregon Senior Companion Program is to provide part-time volunteer opportunities to low-income older persons who serve others needing special assistance. We primarily serve seniors who are lonely and isolated; those recently released from a hospital or nursing home; those with long-term illnesses; and those who have drug or alcohol problems. All Senior Companion volunteers serve others through a volunteer station (site) which is usually an agency that provides services to seniors. The volunteer station, in turn, assigns volunteers to individuals needing help in their homes. A client care plan is developed and signed by all individuals aided by the SCP.","(541) 276-6074, Central Washington and Walla Walla: 509-946-4645",Tom Caroll (Walla Walla),,"PO Box 1602; 213 SW Emigrant Ave, Pendleton, OR 97801",https://www.cceasternwa.org/walla-walla, ,
Dayton Senior Center,"New LifeStyles at the Dayton Senior Center will be ""The Source for Seniors"", providing comprehensive, quality information on senior residences and care options. This information will be available, free to all that need it. We will lead the market by maximizing quality and advertising exposure for our partners.",(509) 382-2006,Jan Strohbehn,,403 E Patit Dayton WA 99328,http://www.columbiaco.com/493/Senior-Citizen-Opportunities,Aging,
U.S. Social Security Office,To provide for the material needs of individuals and families; To protect aged and disabled persons against the expenses of illnesses that may otherwise use up their savings; To keep families together; and thriving in a safe and healthy environment. ,(800) 772-1213,N/A,,880 NE Rose Street College Place WA 99324,https://www.ssa.gov/, ,
Walla Walla Community Hospice,The mission of Walla Walla Community Hospice is to provide compassionate care to patients in the final stages of life and support for their loved ones and caregivers.,509-525-5561,Topher McClellan,,"1067 East Isaacs Avenue, Walla Walla, WA 99362, United States",Walla Walla Community Hospice | Patient and Family Care (wwhospice.org), ,
ALTC Aging and Disability Resources of WA,"We are a public service agency. Our Information, Assistance and Case Management services are FREE to the public. ALTC believes that everyone using the long term care service delivery system should expect a high caliber of service honoring your choices and supporting your dignity and independence.",509-529-6470,N/A,,"125 East Cherry Street, Walla Walla, WA, United States",SE Washington Aging and Long Term Care (altcwashington.com), ,
Milton-Freewater Senior Center,A non-profit organization that provides a meeting place for area senior citizens and low-income minority groups. Lunches are offered by CAPECO on Tuesdays and Fridays each week. Bingo is played on Tuesday afternoon and Pinochle is played on Friday evening. Hall rental available.,541-938-8242,Linda Hall,,"11 N Main St, Milton-Freewater, OR 97862",N/A, ,
Tech4 Gramma,"Tech4 Gramma provides in-home tech support specifically for older learners. Tech4 Gramma will come to you and get your gadget up and running. We can help customize your apps and notifications so they are a help, not a hindrance. These respectful discussions and solutions empower users to reach the goal to communicate successfully in the digital world.",509-386-1881,N/A,, ,Tech4Gramma, ,
Milton-Freewater Senior/Disabled Taxi Tickets,"Milton-Freewater Senior/Disabled Taxi Ticket Service is a Senior & Disabled service for seniors age 60 and older, and disabled citizens of any age. Unlimited number of tickets may be purchased at City Hall, 722 S. Main Street in Milton-Freewater between the hours of 7 am and 4 pm, Monday through Friday.",541-938-8242,Linda Hall,,722 South Main Milton-Freewater OR 97862,Home Page | City of Milton-Freewater Oregon (mfcity.com), ,
Valley Residential Services,"Valley Residential Services (VRS) is a community based non-profit organization offering supported living, transitional housing and family support opportunities in Walla Walla and Columbia Counties in Washington since 1982. With more than 200 employees (the vast majority of which are full-time), VRS is the 23rd largest employer in Walla Walla County. Most of our employees work directly with clients. Our programs include:",(509) 522-0400,Nancy Riggle,,240 Bush Street Walla Walla WA 99362,"Valley Residential Services – Valley Residential Services – Serving Walla Walla, WA", ,
Arc of Umatilla County,"The Arc Umatilla County advocates for the rights and full participation of all children and adults with intellectual and developmental disabilities.  Together with our network of members, we improve systems of supports and services; connect families; inspire communities and influence public policy.",(541) 567-7615,Michelle Kietzke,,215 W. Orchard Ave. Hermiston OR 97838,https://thearcumatilla.org/, ,
Walla Walla Valley Disability Network,The mission of the Walla Walla Valley Disability Network is to improve the quality of life for persons with disabilities and their families through community access and support.,(509) 386-2356,Cyndy Knight,,N/A,Walla Walla Valley Disability Network : Home (wwvdn.org), ,
Learning Disabilities Association of Washington,"Learning Disabilities Association of Washington (LDA WA) promotes and provides service and support to improve the quality of life for individuals and families affected by learning and attentional disabilities. We envision a world in which all individuals with learning disabilities are empowered to thrive and participate fully in society, the incidence of learning disabilities is reduced; and learning disabilities are universally understood and effectively addressed. We respect and honor the diversity of our community and are committed to weaving that diversity into our programs, actions, and results.",(425) 882-0820,Nancy Sobich,,"16315 NE 87th Street Suite B-10 Redmond, WA 98052",http://www.ldawa.org/, ,
Oregon Educational Services District Early Intervention/Special Education,"The Oregon Department of Education contracts with local agencies to provide a statewide system of free services for young children with developmental delays and disabilities and their families, including: Early Intervention (EI)--Individually designed services for children birth to three and support for parents to enhance children's physical, cognitive, communication, social emotional and/or adaptive development; and Early Childhood Special Education (ECSE)--Specially designed instruction for children ages 3 to the age of public school eligibility in the areas of communication, cognitive, social/emotional, adaptive and others.",(503) 947-5600,N/A,,"255 Capitol Street NE Salem, OR 97310-0203",https://www.oregon.gov/ode/Pages/search-results.aspx?q=Directory, ,
Oregon Special Olympics,"Oregon Special Olympics is a global movement of people creating a new world of inclusion and community, where every single person is accepted and welcomed, regardless of ability or disability. We are helping to make the world a better, healthier and more joyful place -- one athlete, one volunteer, one family member at a time.",(503) 248-0600,Britt Oase,,"5901 SW Macadam Avenue, Suite 200, Portland, OR 97239",Oregon Department of Education : Search Results : State of Oregon,Disability ,
Eastern Oregon Center for Independent Living,The Eastern Oregon Center for Independent Living works to empower individuals with disabilities and seniors to improve the quality of their lives.,(541) 276-1037,Kirt Toombs,,322 SW 3rd Street Pendleton OR 97801,Eastern Oregon Center for Independent Living (eocil.org), ,
Umatilla County Youth Investment Program,"The Umatilla County Youth Investment Program (YIP) is money that has been set aside for agencies, school districts or individual families to purchase service for YIP youth. The goal is to reduce the dropout rate, homelessness, and youth's potential for involvement with Office of Services to Children & Families and Juvenile County. This fund is available to provide services to all YIP youth residing in Umatilla county. The intent of the YIP program dollars is to enhance existing county services by creating an individual treatment approach for each YIP youth. The YIP Program will allow both schools and social service agencies to access needed services previously unavailable because of financial limitation.",(541) 278-6291,Suzie Stuvland,,216 SE 4th Pendleton OR 97801,N/A, ,
Community Action Program of East Central Oregon Lifespan Respite Program,"The Community Action Program of East Central Oregon (CAPECO) envisions the success of every youth, adult and senior to eliminate poverty and promote independence through education, employment, and the sharing of resources that move individuals from surviving to thriving.",(541) 276-1926,Janet Merrell,,721 SE 3rd Ste. D Pendleton OR 97801,Front Page | CAPO - Community Action Partnership of Oregon (caporegon.org), ,
Oregon Department of Human Services - Milton-Freewater,"The Oregon Department of Human Services (DHS) is Oregon’s principal agency for helping Oregonians achieve wellbeing and independence through opportunities that protect, empower, respect choice and preserve dignity, especially for those who are least able to help themselves. DHS provides direct services to more than 1 million Oregonians each year. These services provide a key safety net for those in our society who are most vulnerable or who are at a difficult place in their life.",(541) 938-6627,N/A,,309 N Columbia Street Milton-Freewater OR 97862,State of Oregon: Oregon Department of Human Services - ODHS Home, ,
Washington Department of Social and Human Services _ Developmental Disabilities Administration,The Washington Department of Social and Human Services is tied together by a single mission: to transform lives. Each administration within DSHS has a refined focus on this mission.,(877) 501-2233,N/A,,"1371 Pine St. Walla Walla, WA 99362",Walla Walla DDA Field Office | DSHS, ,
Aging and Long-Term Care,"Aging and Long-Term Care is a public service agency. Our Information, Assistance and Case Management services are FREE to the public. ALTC believes that everyone using the long term care service delivery system should expect a high caliber of service honoring your choices and supporting your dignity and independence.",(509) 529-6470,N/A,,"125 East Cherry Street, Walla Walla, WA 99362, United States",SE Washington Aging and Long Term Care (altcwashington.com), ,
"Horizon Project, Inc.","Horizon Project Inc. is a diversified organization. We provide vocational and residential services to adults with developmental disabilities. We also support such folks with an alternative work environment. For many years we have provided the community with drop-off and curbside recycling services. Recently we have expanded into the areas of low income housing, employment services and youth services.",(541) 938-5658,Terri H. Silvis,,608 Russell Street Milton-Freewater OR 97862,https://horizonprojectinc.org/, ,
Oregon Aging and Disability Resource Connect,"When you are looking for information about services to address aging or disability needs, the Aging and Disability Resource Connection (ADRC) of Oregon can help you learn about local public and privately paid options. The ADRC has trained professional staff who can help you and your family with immediate needs, or help you plan for the future",(855) 673-2372,N/A,,N/A,https://adrcoforegon.org/consite/index.php, ,
,,,,,,,,
,,,,,,,,
 , , ,Community Services - PARENTING,, , , ,
,,,,,,,,
NAME,DETAILS:,NUMBER:,VOLUNTEER LEAD/DIRECTOR,,ADDRESS:,WEBSITE:,FUNCTION:,
My Friend's House Preschool - YWCA,"My Friends’ House is a high-quality childcare center for ages 1-6, pre-kindergarten.",(509) 525-7034,Anne-Marie Zell Schwerin,,121 E Birch St Walla Walla WA 99362,YWCA Walla Walla | YWCA Walla Walla (ywcaww.org), ,
Oregon Child Care Aware,Oregon Child Care Resource and Referral aids parents in finding quality child care.,(541) 564-6878,N/A,,110 NE 4th Street,Home - Child Care Aware® of America, ,
Oregon Child Development Coalition,"Oregon Child Development Coalition (OCDC) is dedicated to improving the lives of children and families by providing early childhood education, care and advocacy with unique and supportive services to enhance family growth and community success.",(541) 938-3170,Donalda Dodson,,1500 Valley River Drive Suite 100 Eugene OR 97401,https://www.ocdc.net/, ,
Child Care Aware,Child Care Aware of Eastern Washington provides child care support for both families and child care providers.,509-315-8669,Michel Nelson,,"3307  E 55th Ave Ste B, Spokane, WA 99223",Home - Child Care Aware WA, ,
Adventure Club - YWCA,YWCA Adventure Clubs are licensed all-day and afterschool child care programs that emphasize children,(509) 525-2570,Anne-Marie Zell Schwerin,,213 S First Ave Walla Walla WA 99362,YWCA Walla Walla | YWCA Walla Walla (ywcaww.org), ,
Early Learning Center,"The Early Learning Center leads early learning efforts, supports parenting and caregiving, improves early learning opportunities, and promotes Walla Walla as a family-friendly community.",(509) 527-4453,Eiledon McClellan,,500 Tausick Way Walla Walla WA 99362,https://earlylearningwallawalla.org/,Child Care | Birth to 5yrs,
Washington Child Care Resource and Referral,"Washington Child Care Resources improves all childrenâ€™s access to high quality early learning experiences by engaging with families, child care providers, and communities. CCR was founded in 1990 to ensure that every family had access to quality and affordable child care that met their unique needs. Today, CCR serves families across Washington state and works with child care providers in King and Pierce Counties to improve the quality of child care for all children.",(206) 329-1011,N/A,,1225 South Weller Suite 300 Seattle WA 98144,https://www.dshs.wa.gov/, ,
Oregon Student Child Care Grant,"The Oregon Student Child Care Grant Program was established to assist parents enrolled in postsecondary education obtain safe, dependable care that supports their children's development while allowing completion of the parent's academic programs.",(541) 687-7443,N/A,,Hermiston OR 97838,https://oregonstudentaid.gov/child-care-grant.aspx, ,
Adventure Club - YWCA,YWCA Adventure Clubs are licensed all-day and afterschool child care programs that emphasize children,(509) 525-2570,Anne-Marie Zell Schwerin,,213 S First Ave Walla Walla WA 99362,YWCA Walla Walla | YWCA Walla Walla (ywcaww.org), ,
Walla Walla YMCA - Y's Little Owls Afternoon Childcare,"We provide afternoon childcare enjoying outside play, crafts, free play and sensory activites. ",509-525-8863,Karen Hedine,,340 S Park St Walla Walla WA 99362,https://www.wwymca.org/, ,
"Walla Walla YMCA, Kids Korner",We provide a drop off childcare service for children aged 6wks-6yrs to our YMCA Members. Enjoy 2hrs of childcare while you enjoy a workout! ,509-525-8863,Karen Hedine,,340 S Park St Walla Walla WA 99362,https://www.wwymca.org/, ,
Walla Walla YMCA - Y's Little Owls Morning Preschool,"We offer a morning Preschool to children aged 3-5yrs. We teach basic skills such as manners, taking turns, socializing, working as a team, and putting our Y core values into practice. We enourage children to use thier immagination and be creative. As your child approches the Pre K year we will work on numerous skills to prepare them for kindergarten, helping to build self-esteem and confidence. ",509-525-8863,Karen Hedine,,340 S Park St Walla Walla WA 99362,https://www.wwymca.org/, ,
Washington Division of Children and Family Services,"As a Department, the Washington Division of Children and Family Services is tied together by a single mission: to transform lives. Each administration within DSHS has a refined focus on this mission.",(877) 501-2233,Ross Hunter,,"1371 Pine St. Walla Walla, WA. 99362",https://www.dcyf.wa.gov/services, ,
Oregon Head Start,"Umatilla Partners in Care is a group of agency people, school employees, parents and interested community members.  This group is working toward more effective and seamless services for children and adolescents in Umatilla County with complex behavioral needs. Head Start operates many programs aimed at helping children and families.",(541) 938-0255,Ruby Miller,,403 Peabody St. Milton-Freewater OR. 97862,https://www.ohsa.net/, ,
Good Samaritan Ministries,"Good Samaritan Ministries are where people from all walks of life and every need could come and find love, acceptance and an encounter with the Kingdom of God.",(509) 529-2322,Cathy Scott,,1815 Portland Ave. Ste. 2 Walla Walla WA. 99362,About | Good Samaritan Ministries (gsmwallawalla.com), ,
Children's Home Society of Washington,"Children's Home Society of Washington's mission today is to develop healthy children, create strong families, build engaged communities, and speak and advocate for children.",(509) 529-2130,N/A,,"1612 Penny Ln, Walla Walla, WA 99362, United States",https://www.childrenshomesociety.org/wallawalla/, ,
Catholic Charities,"Catholic Charities affirms the dignity of every person, partnering with parishes and the greater community to serve and advocate for those who are vulnerable, bringing stability and hope to people throughout eastern Washington. ",(509) 525-0572,Lisa Green,,"408 W. Poplar St. Walla Walla, WA. 99362",https://www.cceasternwa.org/walla-walla, ,
WWCC Parent Education Programs,"WWCC Parenting Education Programs provide parenting education classes for families with children birth to five years olf, including parent-child interaction.",509-527-4237,Viridiana Cloin,,500 Tausick Way Walla Walla WA. 99362,Parenting Education | Parent Child Center | WWCC, ,
Walla Walla Valley Early Learning Coalition,The Walla Walla Valley Early Learning Coalition's mission is to mobilize the community to support parents as their childrenâ€™s first teacher and improve access to high-quality early learning opportunities for all young children in the Walla Walla Valley., 509-526-1777,Eiledon McClellan,,500 Tausick Way Walla Walla WA. 99362,https://earlylearningwallawalla.org/, ,
Blue Mountain Counseling,"Blue Mountain Counseling is committed to providing treatment of the highest quality. Blue Mountain Counseling offers counseling services for Individuals, Families, and Children. We have staff that are highly trained with advanced degrees and specialized training",(509) 382-1164,Dimita Warren,,"221 E. Washington Ave. Dayton, WA. 99328","Blue Mountain Counseling – Blue Mountain Counseling, Dayton, WA (bluemtncounseling.org)",Parenting Support|Birth to 5yrs,
Parent Co-op Preschool,The Walla Walla Parent Cooperative Preschools provides parents/guardians of preschool age children with the opportunity to come together to learn parenting skills. Parents of children ages three to five years enroll in a parent education class which meets one evening per month. Parents register their child for a preschool group. Each preschool group charges tuition to cover operational costs of the group. Each parent participates in a weekly lab session with children to practice learning from parent education class,(509) 527-4237,Viridiana Cloin,,500 Tausick Way Walla Walla WA. 99362,Parent Co-op Preschool | Parent Child Center | WWCC, ,
Christian Counseling Center,"At Christian Counseling Center we genuinely care about our customers and are dedicated to serving them well. We understand their specific goals and objectives, and develop solutions that deliver optimal value on a consistent basis.",509-527-2310, ,,"212 Sw 4th St College Place, WA 993 324", , ,
Umatilla Child Support Services,"The Umatilla County Child Support Services provides information on child support and custody laws, attorneys and lawyers, child support payments, collections, filings, and applications.",(541) 276-6932,N/A,,700 SE Emigrant Ave. Pendleton OR. 97801,N/A, ,
Umatilla CARE,"The CARE Program is a support to families using a system approach available to Umatilla County. CARE was created to help at risk children with multiple issues by offering them a ""no wrong door"" approach.",541-379-3575,Jenni Galloway,,"216 SE 4th St.
Pendleton, OR 97800",http://www.co.umatilla.or.us/departments/care, ,
Umatilla Youth Investment Program,"The Umatilla County Youth Investment Program (YIP) is money that has been set aside for agencies, school districts or individual families to purchase service for YIP youth. The goal is to reduce the dropout rate, homelessness, and youth's potential for involvement with Office of Services to Children & Families and Juvenile County. This fund is available to provide services to all YIP youth residing in Umatilla county. The intent of the YIP program dollars is to enhance existing county services by creating an individual treatment approach for each YIP youth. The YIP Program will allow both schools and social service agencies to access needed services previously unavailable because of financial limitation.",(541) 278-6291,Suzie Stuvland,,216 SE 4th Pendleton OR. 97801,N/A, ,
Good Samaritan Ministries,"Good Samaritan Ministries are where people from all walks of life and every need could come and find love, acceptance and an encounter with the Kingdom of God.",(509) 529-2322,Cathy Scott,,1815 Portland Ave. Ste. 2 Walla Walla WA. 99362,About | Good Samaritan Ministries (gsmwallawalla.com), ,
Umatilla Child Support Services,"The Umatilla County Child Support Services provides information on child support and custody laws, attorneys and lawyers, child support payments, collections, filings, and applications.",(541) 276-6932,N/A,,700 SE Emigrant Ave. Pendleton OR. 97801,N/A, ,
Children's Home Society of Washington,"Children's Home Society of Washington's mission today is to develop healthy children, create strong families, build engaged communities, and speak and advocate for children.",(509) 529-2130,Alejandra Gonzalez,,"1612 Penny Ln, Walla Walla, WA 99362, United States",https://www.childrenshomesociety.org/, ,
WWCC Parent Education Programs,"WWCC Parenting Education Programs provide parenting education classes for families with children birth to five years olf, including parent-child interaction.",509-527-4237,Viridiana Cloin,,500 Tausick Way Walla Walla WA. 99362,Parenting Education | Parent Child Center | WWCC, ,
Oregon Head Start,"Umatilla Partners in Care is a group of agency people, school employees, parents and interested community members.  This group is working toward more effective and seamless services for children and adolescents in Umatilla County with complex behavioral needs. Head Start operates many programs aimed at helping children and families.",(541) 938-0255,Ruby Miller,,403 Peabody St. Milton-Freewater OR. 97862,https://www.ohsa.net/,Parenting Support|Teens,
Blue Mountain Counseling,"Blue Mountain Counseling is committed to providing treatment of the highest quality. Blue Mountain Counseling offers counseling services for Individuals, Families, and Children. We have staff that are highly trained with advanced degrees and specialized training",(509) 382-1164,Dimita Warren,,"221 E. Washington Ave. Dayton, WA. 99328","Blue Mountain Counseling – Blue Mountain Counseling, Dayton, WA (bluemtncounseling.org)", ,
Umatilla Youth Investment Program,"The Umatilla County Youth Investment Program (YIP) is money that has been set aside for agencies, school districts or individual families to purchase service for YIP youth. The goal is to reduce the dropout rate, homelessness, and youth's potential for involvement with Office of Services to Children & Families and Juvenile County. This fund is available to provide services to all YIP youth residing in Umatilla county. The intent of the YIP program dollars is to enhance existing county services by creating an individual treatment approach for each YIP youth. The YIP Program will allow both schools and social service agencies to access needed services previously unavailable because of financial limitation.",(541) 278-6291,Suzie Stuvland,,216 SE 4th Pendleton OR. 97801,N/A, ,
Catholic Charities,"Catholic Charities affirms the dignity of every person, partnering with parishes and the greater community to serve and advocate for those who are vulnerable, bringing stability and hope to people throughout eastern Washington. ",(509) 525-0572,Lisa Green,,"408 W. Poplar St. Walla Walla, WA. 99362",https://www.cceasternwa.org/walla-walla, ,
Washington Division of Children and Family Services,"As a Department, the Washington Division of Children and Family Services is tied together by a single mission: to transform lives. Each administration within DSHS has a refined focus on this mission.",(877) 501-2233,Ross Hunter,,"1371 Pine St. Walla Walla, WA. 99362",https://www.dcyf.wa.gov/services, ,
Trilogy Recovery Community,"Trilogy Recovery Community, for teens and their families, is a group dedicated to walking alongside our youth who are struggling to overcome alcohol or other drug problems while offering compassionate support to their families.",(509) 876-4525,Olivia Birchwood,,120 E. Birch St. Ste. 14 Walla Walla WA. 99362,Trilogy Recovery - Home, ,
Walla Walla Parks & Rec Programs,"The City of Walla Walla Parks & Recreation department offers various programs for our community's youth. Programs include day camps, youth fitness, youth sports camps, swimming lessons, art classes, and more!",509-527-4527,Andy Coleman,,"55 E Moore St, Walla Walla, WA, United States",Parks and Recreation | City of Walla Walla (wallawallawa.gov), ,
Camp Fire Boys & Girls,"Camp Fire Walla Walla is a community based nonprofit organization with a mission to build caring and confident youth and future leaders. We provide quality out-of-school programming that fosters growth within the children of our community. In our After School Camp and Super Summer in the Park programs, we focus on helping children to learn, grow, explore, build friendships, and have a lot of fun!",509-525-3180,Janet Adams,,"414 S Park St, Walla Walla, WA 99362",Home | Cfwallawalla (wwcampfire.org), ,
Walla Walla YMCA,"The Walla Walla YMCA is dedicated to the values of Caring, Honesty, Respect, and Responsibility and committed to building a community where all people, especially the young, are encouraged to develop their fullest potential in spirit, mind, and body.",509-525-8863,Karen Hedine,,"340 South Park Street, Walla Walla, WA 99362, United States",https://www.wwymca.org/, ,
YWCA - Fun Factory,"The Fun Factory is a mobile summer recreation program that visits neighborhoods and communities throughout the Walla Walla Valley. During the week, the Fun Factory brings free outdoor fun, crafts, games and other great activities to children ages 5-10 (ish).",(509) 525-2570,Anne-Marie Zell Schwerin,,213 S First Ave Walla Walla WA 99362,YWCA Walla Walla | YWCA Walla Walla (ywcaww.org), ,
Umatilla County 4-H Club,"4-H is a learn-by-doing program for youth, using hands-on educational projects to teach life skills to young people. The Umatilla County 4-H program reaches more than 20,000 kids in our community each year. Youth ages 5-18 participate in clubs, after-school programs, school enrichment activities, and camps.",541-278-5403,Anna Browne,,N/A,https://extension.oregonstate.edu/program/4h/umatilla/people, ,
Walla Walla Valley Disability Network,"Provides recreation and social activities for children and adults with disabilities that include Challenger Basketball, Challenger Baseball, Bowling, Elementary and Teen Summer Camp, etc. WWVDN also offers a Peer Mentor Training to middle school and high school students who would like to serve as peer mentors in the recreation programs.",509-386-2356,Cyndy Knight,,"PO Box 1918, Walla Walla, WA 99362",Walla Walla Valley Disability Network : Home (wwvdn.org),Activities for Children & Teens|Middle School,
Columbia County 4-H Club,"4-H is an informal, practical, learn-by-doing educational program for youth. In 4-H, young people learn and have fun in the process. 4-H develops skills by helping young people acquire self-discipline, confidence, the ability to set goals, and a sense of responsibility. 4-H builds citizenship by providing youth with real-world experience, by showing them the importance of volunteering, and by encouraging them to take action in their communities. 4-H promotes sportsmanship by offering the opportunity to learn about fair and ethical competition at the county, state and national levels. 4-H opens doors to the future by introducing 4-Hers to a variety of activities that can lead to careers in agriculture, business, education, family and consumer sciences, medicine, natural resources, range management, wildlife biology, and more.",509-382-4741,Donna Hanger,,"137 East Main Street, Dayton, WA, United States",4-H Youth Development Program – Columbia County | Columbia County | Washington State University (wsu.edu), ,
Walla Walla 4-H Club,"4-H is an informal, practical, learn-by-doing educational program for youth. In 4-H, young people learn and have fun in the process. 4-H develops skills by helping young people acquire self-discipline, confidence, the ability to set goals, and a sense of responsibility. 4-H builds citizenship by providing youth with real-world experience, by showing them the importance of volunteering, and by encouraging them to take action in their communities. 4-H promotes sportsmanship by offering the opportunity to learn about fair and ethical competition at the county, state and national levels. 4-H opens doors to the future by introducing 4-Hers to a variety of activities that can lead to careers in agriculture, business, education, family and consumer sciences, medicine, natural resources, range management, wildlife biology, and more.",509-524-2685,Melanie Owens,,"328 West Poplar Street, Walla Walla, WA 99362, United States",4-H Youth Development Program – Walla Walla County | Walla Walla County | Washington State University (wsu.edu), ,
Children's Home Society of Washington,"Just as a sturdy house needs certain materials, our children need many supports and opportunities to be successful in school and life. Children's Home Society of Washington helps create a solid foundation for today's children that will lead to prosperity for all of us in the future.",509-529-2130,Alejandra Gonzalez,,"1612 Penny Ln, Walla Walla, WA 99362, United States",https://www.childrenshomesociety.org/wallawalla/, ,
Umatilla Youth Investment Program,"The Umatilla County Youth Investment Program (YIP) is money that has been set aside for agencies, school districts or individual families to purchase service for YIP youth. The goal is to reduce the dropout rate, homelessness, and youth's potential for involvement with Office of Services to Children & Families and Juvenile County. This fund is available to provide services to all YIP youth residing in Umatilla county. The intent of the YIP program dollars is to enhance existing county services by creating an individual treatment approach for each YIP youth. The YIP Program will allow both schools and social service agencies to access needed services previously unavailable because of financial limitation.",(541) 278-6291,Suzie Stuvland,,216 SE 4th Pendleton OR. 97801,N/A, ,
Blue Mountain Counseling,"Blue Mountain Counseling is committed to providing treatment of the highest quality. Blue Mountain Counseling offers counseling services for Individuals, Families, and Children. We have staff that are highly trained with advanced degrees and specialized training",(509) 382-1164,Dimita Warren,,"221 E. Washington Ave. Dayton, WA. 99328","Blue Mountain Counseling – Blue Mountain Counseling, Dayton, WA (bluemtncounseling.org)", ,
Children's Home Society of Washington,"Children's Home Society of Washington's mission today is to develop healthy children, create strong families, build engaged communities, and speak and advocate for children.",(509) 529-2130,Alejandra Gonzalez,,"1612 Penny Ln, Walla Walla, WA 99362, United States",https://www.childrenshomesociety.org/wallawalla/, ,
Washington Division of Children and Family Services,"As a Department, the Washington Division of Children and Family Services is tied together by a single mission: to transform lives. Each administration within DSHS has a refined focus on this mission.",(877) 501-2233,Ross Hunter,,"1371 Pine St. Walla Walla, WA. 99362",https://www.dcyf.wa.gov/services, ,
Walla Walla Valley Early Learning Coalition,The Walla Walla Valley Early Learning Coalition's mission is to mobilize the community to support parents as their childrenâ€™s first teacher and improve access to high-quality early learning opportunities for all young children in the Walla Walla Valley., N/A,Eiledon McClellan,,500 Tausick Way Walla Walla WA. 99362,https://earlylearningwallawalla.org/, ,
Umatilla Child Support Services,"The Umatilla County Child Support Services provides information on child support and custody laws, attorneys and lawyers, child support payments, collections, filings, and applications.",(541) 276-6932,N/A,,700 SE Emigrant Ave. Pendleton OR. 97801,N/A,Parenting Support|6yrs to 12yrs,
Friends of Children of Walla Walla,"Friends of Children of Walla Walla is a mentoring organization that matches Walla Walla Valley children in need of a safe, consistent adult presence with adult volunteers, who agree to spend a minimum of one hour a week mentoring their child friend.  Over the past 16 years, Friends has served nearly 1,000 children through our Community-Based (CB) and Adults Befriending Children (ABC) programs.  Our CB program is designed to create year-long one-on-one mentoring relationships between children and adults outside of a school-based context, while our ABC Program facilitates mentoring relationships on school grounds during the school year.  Together, both programs strive to provide all children, K-12, with a reliable, caring adult presence outside the home.",(509) 527-4745,Jim Byrnes,,120 E Birch St. Ste. 10 Walla Walla WA. 99362,Friends of Children of Walla Walla (wallawallafriends.org), ,
WWCC Parent Education Programs,"WWCC Parenting Education Programs provide parenting education classes for families with children birth to five years olf, including parent-child interaction.",509-527-4237,Viridiana Cloin,,500 Tausick Way Walla Walla WA. 99362,Parenting Education | Parent Child Center | WWCC, ,
Oregon Head Start,"Umatilla Partners in Care is a group of agency people, school employees, parents and interested community members.  This group is working toward more effective and seamless services for children and adolescents in Umatilla County with complex behavioral needs. Head Start operates many programs aimed at helping children and families.",(541) 938-0255,Ruby Miller,,403 Peabody St. Milton-Freewater OR. 97862,https://www.ohsa.net/, ,
Good Samaritan Ministries,"Good Samaritan Ministries are where people from all walks of life and every need could come and find love, acceptance and an encounter with the Kingdom of God.",(509) 529-2322,Cathy Scott,,1815 Portland Ave. Ste. 2 Walla Walla WA. 99362,About | Good Samaritan Ministries (gsmwallawalla.com), ,
Catholic Charities,"Catholic Charities affirms the dignity of every person, partnering with parishes and the greater community to serve and advocate for those who are vulnerable, bringing stability and hope to people throughout eastern Washington. ",(509) 525-0572,Lisa Green,,"408 W. Poplar St. Walla Walla, WA. 99362",https://www.cceasternwa.org/walla-walla, ,
"Walla Walla YMCA, Kids Korner",We provide a drop off childcare service for children aged 6wks-6yrs to our YMCA Members. Enjoy 2hrs of childcare while you enjoy a workout! ,509-525-8863,Karen Hedine,,340 S Park St Walla Walla WA 99362, , ,
Adventure Club - YWCA,YWCA Adventure Clubs are licensed all-day and afterschool child care programs that emphasize children,(509) 525-2570,Anne-Marie Zell Schwerin,,213 S First Ave Walla Walla WA 99362,YWCA Walla Walla | YWCA Walla Walla (ywcaww.org),Child Care|6yrs to 12yrs,
Umatilla County 4-H Club,"4-H is a learn-by-doing program for youth, using hands-on educational projects to teach life skills to young people. The Umatilla County 4-H program reaches more than 20,000 kids in our community each year. Youth ages 5-18 participate in clubs, after-school programs, school enrichment activities, and camps.",541-278-5403,Anna Browne,,N/A,https://extension.oregonstate.edu/program/4h/umatilla/people, ,
Children's Home Society of Washington,"Just as a sturdy house needs certain materials, our children need many supports and opportunities to be successful in school and life. Children's Home Society of Washington helps create a solid foundation for today's children that will lead to prosperity for all of us in the future.",509-529-2130,Alejandra Gonzalez,,"1612 Penny Ln, Walla Walla, WA 99362, United States",https://www.childrenshomesociety.org/wallawalla/, ,
Adventure Club - YWCA,"YWCA Adventure Clubs are licensed all-day and afterschool child care programs that emphasize children’s growth, empowerment and sense of individual worth. Adventure Clubs are nourished and sustained by the diversity of our children, staff and community. After-school Adventure Club is a childcare program offered during the school year. During the summers, we offer the full-day Summer Adventure Club.",509-525-2570,Anne-Marie Zell Schwerin,,"213 S 1st Ave, Walla Walla, WA 99362, United States",YWCA Walla Walla | YWCA Walla Walla (ywcaww.org), ,
Mariposa - YWCA,"Mariposa is a life-skills and leadership program for fifth-grade girls, including any students who identify as female, in the Walla Walla School District.",509-525-2571,Anne-Marie Zell Schwerin,,"214 S 1st Ave, Walla Walla, WA 99362, United States",YWCA Walla Walla | YWCA Walla Walla (ywcaww.org), ,
Kid Powers - YWCA,"Kid Power is a program serving 4th, 5th and 6th grade students held at Dayton Elementary School. It is designed to strengthen resiliency among middle schoolers, while teaching them how to build positive role models and how to be a good friend.",509-525-2572,Anne-Marie Zell Schwerin,,"215 S 1st Ave, Walla Walla, WA 99362, United States",YWCA Walla Walla | YWCA Walla Walla (ywcaww.org), ,
Walla Walla YMCA,"The Walla Walla YMCA is dedicated to the values of Caring, Honesty, Respect, and Responsibility and committed to building a community where all people, especially the young, are encouraged to develop their fullest potential in spirit, mind, and body.",509-525-8863,Karen Hedine,,"340 South Park Street, Walla Walla, WA 99362, United States",https://www.wwymca.org/, ,
Walla Walla Valley Disability Network,"Provides recreation and social activities for children with disabilities that include Challenger Basketball, Challenger Baseball, Bowling, Elementary and Teen Summer Camp, etc.",509-386-2356,Cyndy Knight,,PO Box 1918 Walla Walla WA 99362,Walla Walla Valley Disability Network : Home (wwvdn.org),Activities for Children & Teens,
Columbia County 4-H Club,"4-H is an informal, practical, learn-by-doing educational program for youth. In 4-H, young people learn and have fun in the process. 4-H develops skills by helping young people acquire self-discipline, confidence, the ability to set goals, and a sense of responsibility. 4-H builds citizenship by providing youth with real-world experience, by showing them the importance of volunteering, and by encouraging them to take action in their communities. 4-H promotes sportsmanship by offering the opportunity to learn about fair and ethical competition at the county, state and national levels. 4-H opens doors to the future by introducing 4-Hers to a variety of activities that can lead to careers in agriculture, business, education, family and consumer sciences, medicine, natural resources, range management, wildlife biology, and more.",509-382-4741,Donna Hanger,,"137 East Main Street, Dayton, WA, United States",4-H Youth Development Program – Columbia County | Columbia County | Washington State University (wsu.edu), , 
Walla Walla Parks & Rec Programs,"The City of Walla Walla Parks & Recreation department offers various programs for our community's youth. Programs include day camps, youth fitness, youth sports camps, swimming lessons, art classes, and more!",509-527-4527,Andy Coleman,,"55 E Moore St, Walla Walla, WA, United States",Parks and Recreation | City of Walla Walla (wallawallawa.gov), ,
Walla Walla 4-H Club,"4-H is an informal, practical, learn-by-doing educational program for youth. In 4-H, young people learn and have fun in the process. 4-H develops skills by helping young people acquire self-discipline, confidence, the ability to set goals, and a sense of responsibility. 4-H builds citizenship by providing youth with real-world experience, by showing them the importance of volunteering, and by encouraging them to take action in their communities. 4-H promotes sportsmanship by offering the opportunity to learn about fair and ethical competition at the county, state and national levels. 4-H opens doors to the future by introducing 4-Hers to a variety of activities that can lead to careers in agriculture, business, education, family and consumer sciences, medicine, natural resources, range management, wildlife biology, and more.",509-524-2685,Melanie Owens,,"328 West Poplar Street, Walla Walla, WA 99362, United States",4-H Youth Development Program – Walla Walla County | Walla Walla County | Washington State University (wsu.edu), , 
Camp Fire Boys & Girls,"Camp Fire Walla Walla is a community based nonprofit organization with a mission to build caring and confident youth and future leaders. We provide quality out-of-school programming that fosters growth within the children of our community. In our After School Camp and Super Summer in the Park programs, we focus on helping children to learn, grow, explore, build friendships, and have a lot of fun!",509-525-3180,Janet Adams,,"414 S Park St, Walla Walla, WA 99362",Home | Cfwallawalla (wwcampfire.org), ,
,,,,,,,,
,,,,,,,,
,,,,,,,,
 , , ,"Community Services- ARTS, CULTURES, AND HUMANITIES",, , , ,
,,,,,,,,
NAME,DETAILS:,NUMBER:,VOLUNTEER LEAD/DIRECTOR,,ADDRESS:,WEBSITE:,FUNCTION:,
ArtWalla,"ArtWalla's mission is to support and strengthen the Arts as an integral part of daily life, education and economic development in the Walla Walla Valley.",503-519-3812,Patty Gardner,,N/A,https://artwalla.com/, ,
Carnegie Picture Lab,To nourish creativity by supporting and enhancing art education for elementary school children in the Walla Walla Valley.,509-526-6921,Susan Greene,,"PO Box 3223 / 515 E Main Street, Walla Walla, WA 99362",https://www.carnegiepicturelab.com/, ,
Children's Museum of Walla Walla,"The Children’s Museum of Walla Walla’s mission is to provide visitors of all ages and cultural backgrounds the opportunity to learn, explore and imagine through interactive play and educational programs.",509-526-7529,Becky Killian,,"77 Wainwright Dr, Walla Walla, WA, 99362",https://www.cmww.org/, ,
Danza Classica Ballet Foundation,Danza Classica Ballet Foundation (DCBF) works to foster and advance the art of ballet in the Walla Walla Valley.,(509) 526-9720,Cheryl Heller,,"129 East Alder, Suite B
Walla Walla, WA 99362",https://www.dcbfww.org/, ,
Dayton Historical Depot Society,"The Dayton Historical Depot Society’s mission is to maintain and use its primary artifacts, the Depot building and the Boldman House, for the interpretation and education of local history.  In keeping with their historical status, the Depot and the Boldman House will serve as resources for community use.",509-382-2026,Shellie McLeod,,"222 E. Commercial Street
Dayton, Washington 99328",https://www.daytonhistoricdepot.org/, ,
Fort Walla Walla Museum,"Discovering, Preserving and Sharing Walla Walla Regional History",509-525-7703,James H. Payne,,"755 Myra Road, Walla Walla, WA  99362",https://www.fwwm.org/, ,
Frazier Farmstead Museum,"The museum is open on Thursday, Friday and Saturday from 11:00am to 4:00pm and by special appointment for group tours.   The facility is closed January, February and March.  There is no admission charge, however all donations are welcome.",541-938-3480,Linda Whiting,,"1403 Chestnut Street
Milton-Freewater, Oregon  97862",http://www.frazierfarmsteadmuseum.org/, ,
Frenchtown Historical Foundation,"The Frenchtown Historic Site will be a place of respect for and understanding of our past, and of stewardship for our future. It will honor the sacredness of the ground where our ancestors lived and died, as well as the cultures they came from and helped develop here. It will restore native vegetation,
and rehabilitate the river area. It will teach us for
many generations to come.",509-522-3763,"Richard Monacelli, President",,"PO Box 1224    Walla Walla, WA 99362",http://www.frenchtownwa.org/, ,
Friends of the Library of Walla Walla,The Friends of the Library support the Walla Walla Public Library by providing funds for projects outside the scope of the regular library budget. ,509-525-7527,Erin Wells,,"238 E Alder St, Walla Walla, WA 99362",https://www.wallawallapubliclibrary.org/home-library, ,
Inland Northwest Musicians,Inland Northwest Musicians was founded in 1999 by a group of instrumentalists and vocalists interested in forming a classical music organization that reflected certain core values. , 541-289-4696,Raniel Dunn ,,"215 W. ORCHARD AVE.
PO BOX 7039, HERMISTON, OR   97838",http://www.inlandnorthwestmusicians.com/home.html, ,
Kirkman House Museum,"Kirkman House Museum provide information, heritage, and histopry",509-529-4373,Kent Settle,,"214 N Colville St, Walla Walla, WA 99362",https://www.kirkmanhousemuseum.org/, ,
Little Theatre of Walla Walla,We offer everything from Broadway musicals and serious dramas to sophisticated comedies and children’s theatre outreach experiences as well as workshops and training sessions.  Our audiences and many volunteers are diverse in every way.,509.876.2316,Mikki jones,,"P.O. Box 39
Walla Walla, WA 99362",https://www.ltww.org/, ,
Power House Theatre Walla Walla,"To provide superior entertainment to the Walla Walla Valley community; to enrich patrons’ lives with laughter, tears and new ideas; to deepen the experience of Walla Walla as a destination for visitors.",509.529.6500,Heather Schermann,,"111 North 6th Avenue, Walla Walla, WA 99362",https://phtww.org/,"Local art, culture, and humanity non-profits",
Shakespeare Walla Walla,Shakespeare Walla Walla provides professional Shakespearian theatre and youth theatre education to Southeastern Washington and Northeastern Oregon residents and visitors.,509-540-4420,Tracey Edwards,,"111 N 6th Ave, Walla Walla, WA 99362 ",http://shakespearewallawalla.org/, ,
Sweet Adelines International - Blue Mountain Chorus,"The Blue Mountain Chorus of Sweet Adelines International is a women’s singing organization dedicated to sharing the musical art form of barbershop harmony through education and the joy of performance, enriching the lives of our members and our community.",509-520-0675,Serena Travis ,,"928 Sturm Ave, Walla Walla, WA 99362",http://www.sweetadelinesww.com/, ,
Waitsburg Historical Society,"Now the jewel of our Bruce Mansion Museum Complex, the museum houses furnishings, fine quilts, art, and artifacts from this bygone era. We invite you to book your tour today, and experience the glory of the Bruce Mansion Museum for yourself!",509-386-2428,Tom Land,,"319 Main Street, Waitsburg, WA 99361",https://www.waitsburgmuseum.org/, ,
Walla Walla 2020,"Walla Walla 2020 is a civic group whose purposes are to envision, plan for, and undertake projects to help realize a livable community in the Walla Walla area now and for the future. Since our founding in 1988, we have been promoting practices and systems which will protect and enhance our quality of life.",509-522-0399,Robert J. Carson,,"PO Box 1222
Walla Walla, WA 99362",https://ww2020.net/, ,
Walla Walla Chamber Music Festival,"Founded in 2007, the Walla Walla Chamber Music Festival (WWCMF) now presents more than 40 public performances annually in the vibrant agricultural community of Walla Walla, WA.",509-525-2338,Timothy Christie,,"PO Box 119 Walla Walla, WA 99362",https://www.wwcmf.org/, ,
Walla Walla Choral Society,"The Walla Walla Choral Society and its predecessors have delivered the gift of song to our community for more than 116 years. In late 2019, the Society’s Board completed a new strategic plan that included the creation of a new Children’s Chorus and plans to build enhanced collaborations and mutual support throughout our performing arts community. ",509-876-4634,Bob Schumacher,,"PO Box 2367, Walla Walla, WA 99362",wwchoralsociety.org, ,
Walla Walla Frontier Days Foundation,"The Foundations purpose is to promote and supplement the budget of the Walla Walla Fair and Frontier Days, which operates the Walla Walla County Annual Fair each year and to provide funds to improve the facilities of the Walla Walla County Fair.",509.520.4276,Kevin Smith,,"PO Box 2224
Walla Walla, WA 99362",https://www.wallawallafairgrounds.com/, ,
Walla Walla Piano Group,The Walla Walla Piano Group was incorporated in 2014 with the goal of creating a resource bank for area non-profit organizations. The group garnered such strong financial support from the Walla Walla community we were able to purchase a Steinway B grand piano by within 6 months. It is available rent-free to area non-profits.,509-876-4297,Ken Vyhmeister,,"PO Box 306, Walla Walla, WA  99362",Walla Walla Piano Group (thepianogroup.org), ,
Walla Walla Symphony,The Walla Walla Symphony delights and challenges our community by providing live orchestral performances and opportunities for learning about music.,509-529-8020,Ms. Leah Wilson-Velasco,,"13-1/2 East Main Street (Barrett Building) Suite 201 Walla Walla, WA 99362",https://www.wwsymphony.org/, ,
Walla Walla Valley Bands,"Walla Walla Valley Bands is a non-auditioned adult community band, the largest program of its kind in eastern Washington and one of the largest in the state.",509-240-9990,Roger Treis,,"PO Box 272 Walla Walla,WA 99362",Walla Walla Valley Bands (wwvalleybands.org), ,
Walla Walla Valley Quilt Festival,Promoting public awareness and appreciation for the art and tradition of quilting and the recognition of its heritage,509-525-5436,Judy Benzel,,N/A,https://www.wallawallaquiltfestival.org/, ,
,,,,,,,,
,,,,,,,,
 , , ,Community Services- EDUCATION AND RESEARCH,, , , ,
,,,,,,,,
NAME,DETAILS:,NUMBER:,VOLUNTEER LEAD/DIRECTOR,,ADDRESS:,WEBSITE:,FUNCTION:,
Blue Mountain Heritage Society,It is a membership organization dedicated to educating the public about the rich and diverse regional history and resources of southeastern Washington.,509-540-9560,Paula Moisio,,"PO Box 163 Dayton, WA 99328",https://bluemountainheritage.org/, ,
Blue Mountain Therapeutic Riding,We use equine-assisted activities and therapies to make a difference for people in the community with disabilities.,509-540-6244 / 509-520-8347,Director: Mary Murphy / Volunteer Co: Karla Broughton,,"52977 Highway 332, Milton-Freewater, OR 97862 ",http://www.bluemountaintherapeuticriding.org/,  ,
Early Life Speech & Language,"Early Life Speech & Language, formerly RiteCare of Washington, has offered intensive, individualized speech and language therapy for children aged 2-7 in Washington state since 1984. Services are provided free of charge to families thanks to the generosity of our founders, the Scottish Rite Masons, and our community of donors.",(509) 876-0450,Alice Hollopeter,,"607 East Main Street, Walla Walla, WA 99362",http://earlylifespeech.org/Home, ,
Friends of Children of Walla Walla,"Friends of Children of Walla Walla is a mentoring organization that matches Walla Walla Valley children in need of a safe, consistent adult presence with adult volunteers, who agree to spend a minimum of one hour a week mentoring their child friend.  Over the past 16 years, Friends has served nearly 1,000 children through our Community-Based (CB) and Adults Befriending Children (ABC) programs.  Our CB program is designed to create year-long one-on-one mentoring relationships between children and adults outside of a school-based context, while our ABC Program facilitates mentoring relationships on school grounds during the school year.  Together, both programs strive to provide all children, K-12, with a reliable, caring adult presence outside the home.",(509) 527-4745,Jim Byrnes,,120 E Birch St. Ste. 10 Walla Walla WA. 99362,Friends of Children of Walla Walla (wallawallafriends.org), ,
Inspire Development Centers - College Place," To inspire learning, growth and success in life; one child, one family and one community at a time. Inspire services are a network of inter-related programs which over the years have been identified as needed services for our seasonal, migrant and rural economically disadvantaged clients.",509-522-0610,N/A ,,"213 Farmland Rd
Walla Walla, WA 99362",https://inspirecenters.org/, ,
Junior Achievement,Junior Achievement’s mission is to inspire and prepare young people to succeed in a global economy,253-236-3310,Tamra Meyer,,"1610 Perimeter Rd.
Auburn, WA 98001",https://jawashington.org/, ,
Junior Club of Walla Walla,"The purpose of this organization shall be to foster interest among its members in the social, economic, educational, cultural and civic conditions of their community and to make efficient use of our volunteer service.", , ,, ,http://www.juniorclubww.com/, ,
Just Another Chance Ranch,Our vision is to eradicate neglect and abuse in horses and to bring healing and purpose to youth.,(509) 337-6056,Stacy Just,,"14224 E Highway 12, Waitsburg, WA 99361",https://justanotherchanceranch.org/,Localized Education Foundations and Research,
Plus Delta After School Studios dba The Club,"The Club is a safe, fun place for the community's young people to gather, socialize, and learn in an environment that promotes self-discovery, social and emotional learning, personal responsibility, and positive relationships with peers and adults.",509-204-3145, ,,"528 W Cameron ST, Dayton, WA 99328", , ,
Saint Basil Academy,"Saint Basil Academy offers a unique and exceptional academic experience for children in the Walla Walla Valley. While providing rigorous training in preparation for life-long learning, Classical Education is the most effective means of forming intelligent, thoughtful and well-rounded individuals able to use their God given talents to the utmost.",509-525-9380,Nima Duncun,,"2346 S Wilbur Ave, Walla Walla WA 99362",Saint Basil Academy – Where children grow and learn, ,
"Cardinals' Nest, The ","The Cardinals' Nest is pleased to offer academic enrichment activities in a safe, supervised environment for students in Kindergarten through 6th grade, Monday/ Tuesday and Thursday/ Friday, from 3:00 PM – 5:00 PM on a sliding fee schedule based on eligibility for the free or reduced lunch program.",509-337-6461,Kathy Carpenter,,N/A,Cardinal's Nest | Waitsburg School District (thrillshare.com), ,
"Kids' Place, The",We are a Preschool & Licensed Childcare facility serving children between the ages of 18 months to five years.,(509) 522 2088,Tina Bauman,,"209 Marcus Street Walla Walla, WA 99362",The Kids' Place | Licensed Childcare and Preschool | Walla Walla WA (kidsplacewallawalla.org), ,
Touchet Educational Foundation,"Providing financial support for Touchet graduates in pursuit of educational opportunities, and encouraging community support for higher education.",509-394-2435,Sandra Bradley,,N/A,http://www.toucheteducationalfoundation.com/home.html, ,
Walla Walla Catholic Schools,"Today over 300 young people are enrolled in the Early Learning Center, Assumption Catholic Grade School, and DeSales High School. A priest and fifty lay teachers, administrators, and staff provide a Catholic education for today’s students. 75% of our students are Catholic, 25% are not; the Walla Walla Catholic Schools’ doors have always been open to all who seek to support and benefit from our mission. ",509-525-3030,FR. CURTIS SEIDEL,,"919 E Sumach
Walla Walla, Wa 99362","Walla Walla Catholic Schools | Walla Walla, WA", ,
,,,,,,,,
,,,,,,,,
,,,,,,,,
 , , ,Community Services- ENVIROMENT AND ANIMALS,, , , ,
,,,,,,,,
NAME,DETAILS:,NUMBER:,VOLUNTEER LEAD/DIRECTOR,,ADDRESS:,WEBSITE:,FUNCTION:,
Blue Mountain Audubon Society,"Blue Mountain Audubon Society was organized to serve its membership and its community in the goals to appreciate, preserve, and enjoy birds and wildlife and the natural environment in the local area, and beyond. Through volunteer efforts, BMAS provides education, conservation, and enjoyment opportunities to members and to the public.",BlueMtnAudubon@gmail.com,Doris Huddell,,"P.O. Box 1106 Walla Walla, WA 99362",http://blumtn.org/, ,
Blue Mountain Humane Society,"Blue Mountain Humane Society’s mission is to prevent cruelty, promote kindness and to foster the human-animal bond.",509-529-5188,Brooke Bouchey,,"7 East George, Walla Walla",https://bluemountainhumane.org/, ,
Blue Mountain Land Trust,"Our mission is to protect the scenic, natural, and working lands that characterize the Blue Mountains region through collaboration with communities and landowners.",509-525-3136,Tim Copeland,,"6 1/2 2nd Avenue, Suite 304 Walla Walla, WA 99362",https://bmlt.org/, ,
Blue Mountain Resource Conservation & Development Council,To provide education and resources for the conservation and development of the Blue Mountain region,509-337-8968,Lisa Naylor,,"PO Box 594 Waitsburg, WA 99361",Facebook, ,
Cross Trail Outfitters of Washington - Walla Walla Chapter,"Many kids today are unfamiliar with the outdoors. Cross Trail Outfitters (CTO) is changing that by providing an opportunity to get them outdoors and teach them about our hunting and fishing heritage, while sharing our faith. ",509-876-9285,Jason Peterson,,N/A,https://teamctowa.wildapricot.org/, ,
Fort Walla Walla Disc Golf Club,Provides a group of like minded and disc golf intersted people together,N/A,Andrea Bland,,N/A,Facebook,Localized Enviromental Supports,
Walla Walla Pickleball Association ,"The mission of the Walla Walla Pickleball Association (WWPA) is to promote and encourage the enjoyment of, and access to, the sport of pickleball for all members of our community and for visitors. ",(509) 525-8906,Nancy Kress,,"PO Box 2823 Walla Walla, WA 99362",N/A, ,
Pheasants Forever,"Pheasants Forever is dedicated to the conservation of pheasants, quail, and other wildlife through habitat improvements, public access, education, and conservation advocacy.",509-386-0990,Dan Eveland,,N/A,https://bmpf258.org/, ,
Skyline Adventures,"Skyline Adventures is a local nonprofit 501(c)(3) outreach program staffed by volunteers and based in Dayton, Wash. Our goal is to bring winter skiing and snowboarding at Bluewood to young people who lack opportunity, are less fortunate or have special needs. We also extend this program to healing veterans.",(509) 947-4403,Bill Pogue,,"P.O. Box 167
Dayton, WA 99328",https://skylineadventures.org/, ,
Sustainable Living Center (merged with Walla Walla Valley Farm to School),"The Sustainable Living Center (SLC) is a 501(c)(3) non-profit organization which was created to inform and educate our community about the benefits of resource conservation.  Through education, outreach and partnerships, the SLC works to promote awareness of, and facilitate sustainable living practices.",(509)524-5218,Erendira Cruz​,,"500 Tausick Way Walla Walla, WA 99362",https://www.slcww.org/, ,
Tri-State Steelheaders,"To educate and support sustainable systems in Washington, Oregon, and Idaho",509-529-3543,Brian Burns,,"216 N Roosevelt St, Walla Walla, WA 99362",http://www.tristatesteelheaders.com/, ,
Walla Walla Skate Park Association,N/A,509-527-3434,N/A,,N/A,Facebook, ,
,,,,,,,,
,,,,,,,,
 , , ,Community Services- Religious Groups,, , , ,
,,,,,,,,
NAME,DETAILS:,NUMBER:,VOLUNTEER LEAD/DIRECTOR,,ADDRESS:,WEBSITE:,FUNCTION:,
Abundant Life Tabernacle,Pentecostal,509-525-2177, Jeffrey S. Hall,,1625 E Alder St Walla Walla WA 99362,Facebook, ,
Berean Baptist Church,Baptist,509-529-1393,Pastor Lucas Hadley,,316 S 7th Ave Walla Walla WA,https://www.bereanbaptistww.com/, ,
Bethel Assembly of God,Assemblies of God,509-527-3900,Reverend Darren G Crowell,,342 S Wilbur Ave Walla Walla WA 99362,https://ag.org/church?g=ae096585-1517-4dea-abc4-4dd03b095469&d=False, ,
Blue Mountain Baptist Church,Baptist,509-527-0691, ,,3009 Heritage Road. Walla Walla WA 99362,https://bluemountainbaptist.org/, ,
Blue Mountain Community Church*,Non Denominational,509-529-1212,Jim Snyder,,"928 Sturm Ave, Walla Walla WA 99362",https://www.bluemountainchurch.com/, ,
Centerpointe Church,Evangelical,509-529-1281,Gary L Casey,,2139 Fern Ave Walla Walla 99362,N/A, ,
Central Christian Church,Christian,509-525-1950, ,, ,N/A, ,
Christ Lutheran Church,Lutheran ,509-525-2243,Pastor Joel Q. Ley,,1420 S 2nd Ave,https://christwallawalla.org/, ,
Church of God—Seventh-day  ,Church of God ,509-525-2252, ,, 3382 Braden Rd,http://www.w2cog7.org/, ,
City Church S.D.A. *,SDA  ,509-525-9540,Mike Barnett,,2133 Howard St, , ,
Congregation Beth Israel,Reformed Judaism ,509-522-2511, ,,1202 E Alder St,Welcome - Congregation Beth Israel (cbiww.org), ,
Covenant Presbyterian Church,Presbyterian ,509-522-1020,Rev. on Gonzales,,66 S Palouse St,Covenant Presbyterian Church – Affiliated with the Presbyterian Church in America (covenantwallawalla.org), ,
Eastgate Missionary Baptist,Baptist ,509-529-4876,Pastor Todd,,1937 Portland Ave Walla Walla 99362,Facebook, ,
Eastgate S.D.A. Church,SDA ,509-529-9933,Eric Sayler,,"380 Tausick Way, Walla Walla 99362",http://www.eastgateadventist.church/, ,
Emmanuel Lutheran Church*,Lutheran ,509-525-6872,Pastor Mark Koonz,,"628 Lincoln St, Walla Walla 99362",Emmanuel Lutheran Church - HOME (wallawallalutheran.com), ,
First Assembly of God,First Assembly ,509-525-2743,Terrance Hall,,"1919 Fern Ave, Walla Walla 99362",First Assembly of God of Walla Walla | Home (firstassemblyww.com), ,
First Congregational Church  ,United Church of Christ ,509-525-8753,Pastor Nathaniel,," 73 S Palouse St, Walla Walla 99362",https://www.firstchurchuccww.org/, Localized Religious Groups,
First Presbyterian Church,Presbyterian,509-525-1093,Pastor Albert,,325 S 1st Ave Walla Walla 99362,https://www.wwpc.org/, ,
Friends (Quaker),Quaker,509-522-0399, ,,717 N Main S Walla Walla 99362,https://www.fgcquaker.org/connect/quaker-finder/walla-walla-preparative-meeting, ,
Grace Christian Center,Non Denominational,509-529-1090,Pastor Mikki Jones,,"116 S 3rd Ave, Walla Walla 99362",https://www.graceww.org/, ,
Grace United Methodist Church,Methodist,509-525-6702,Pastor Linda Weistaner,, 1520 Pleasant St Walla Walla 99362,"Grace United Methodist Church Walla Walla, WA (wwgraceumc.blogspot.com)", ,
Life Church*,Non Denominational,509-526-3450,Pastor Bob Grimm,,"611 S 9th Ave, Walla Walla 99362",LIFE Church (lifechurchww.com), ,
New Beginnings Chapel,Non Denominational,509-527-3385,Pastor Tim Keiloni,,822 W Main St Walla Walla 99362,http://www.nbcww.us/, ,
Northside S.D.A. Church,SDA,509-522-4903,Pastor Ken LeBrun,,1103 Dell Ave Walla Walla 99362,Facebook, ,
Pioneer United Methodist Church,Methodist,509-525-1870,Juli Reinholz,,209 E Birch St Walla Walla 99362,https://pioneerww.org/contact-us/, ,
Salvation Army,Non Denominational ,509-529-9470,Demetrio Villarreal,, 825 W Alder St Walla Walla 99362,Walla Walla (salvationarmy.org), ,
St. Patrick Catholic Church,Roman Catholic,509-525-1602,Fr. Matthew Nicks,,415 W Alder St Walla Walla 99362,St. Patrick Catholic Church Walla Walla - Walla Walla Catholic Parishes (wwcatholic.org), ,
St. Paul’s Episcopal Church,Roman Catholic,509-529 1083,Fr. Matthew Nicks,,323 Catherine St Walla Walla 99362,St. Patrick Catholic Church Walla Walla - Walla Walla Catholic Parishes (wwcatholic.org), ,
The Father’s House,Non Denominational,509-529-6704,Pastor Mike Gonzales,,304 N 2nd Ave Walla Walla, , ,
The Refuge,Non Denominational,509-529-7756,Nathan Breithaupt,,305 Detour Rd Walla Walla 99362,https://www.refugechurchww.com/, ,
Trinity Baptist Church,Baptist,509-525-3032,Kris Harrison,,595 Abbott Rd Walla Walla 99362,https://trinitywallawalla.org/, ,
Trinity Lutheran Church,Lutheran ,509-525-2493,Stephen P. Juergensen,, 109 S Roosevelt St Walla Walla 99362,https://tlcwallawalla.weebly.com/, ,
Walla Walla University S.D.A. Church,SDA,509-527-2800,Andreas Beccai,,212 SW 4th st College Place 99324,Walla Walla University Church (wwuchurch.com), ,
Village Church SDA,SDA,509-525-0882,Jeff Kinne,,715 SE 12th St College Place 99324,Home : College Place Village Church College Place WA (villageadventist.org), ,
Gospel Outreach,SDA,(509) 525-2951,Danielle Stewart,,"P.O. Box 8
College Place, WA 99324",https://goaim.org/, ,
Spanish SDA Church*,SDA,509-529-1011,Jaime Flores,,PO Bok 471 College Place WA 99324,http://www.collegeplacespanishsda.org/, ,